PRECINCT,COUNCILMANIC_DISTRICTS,LEGISLATIVE_DISTRICTS,COUNT
1001,000,37B,1
1001,001,46,2366
1002,001,46,3142
1003,001,46,2924
1004,001,46,4164
1005,001,46,4865
2001,013,46,1815
2002,001,46,2861
2003,001,46,4508
3001,012,46,1607
3002,012,46,1230
3003,001,46,3984
4001,011,46,3257
4002,011,40,4959
4003,011,40,765
5001,012,46,2184
5002,012,45,565
6001,013,46,104
6002,013,45,2667
6003,013,45,859
6004,013,46,1892
6005,001,46,3937
7001,012,45,1539
7002,013,45,654
7003,013,45,3014
7004,013,45,2810
8001,003,45,113
8002,013,45,1805
8003,013,45,2180
8004,014,45,564
8005,012,45,2272
8006,012,45,3408
8007,013,45,2322
8008,003,45,1288
8009,003,45,89
8010,013,45,4026
8011,013,45,676
9001,004,43A,900
9002,004,43A,1432
9003,014,43A,1823
9004,014,43A,3016
9005,014,43A,2283
9006,014,43A,3164
9007,014,45,1571
9008,014,45,2406
9009,014,43A,1152
9010,014,43A,1641
9011,014,43A,450
9012,014,43A,1409
9013,012,45,1389
9014,012,43A,1564
9015,012,45,2493
10001,012,45,1404
10002,012,45,1718
10003,012,46,931
10004,012,45,993
11001,012,40,2926
11002,011,40,1032
11003,011,40,2455
11004,011,40,100
11005,011,40,3781
11006,011,46,3825
11007,012,46,2743
12001,014,43A,4503
12002,014,43A,392
12003,014,43A,994
12004,014,43A,2896
12005,014,43A,2064
12006,014,43A,1702
12007,012,43A,2069
12008,012,43A,5019
12009,012,40,366
12010,012,43A,3068
12011,012,40,1201
12012,012,45,2730
13001,014,41,2080
13002,014,40,2764
13003,007,40,1004
13004,007,40,3833
13005,007,40,1466
13006,007,40,891
13007,007,40,1836
13008,007,40,2378
13009,007,40,1944
13010,007,40,2139
13011,014,40,3844
13012,014,40,1977
14001,011,40,1871
14002,011,40,1545
14003,011,40,1151
14004,011,40,3608
14005,007,40,727
15001,006,41,2091
15002,006,41,1246
15003,006,41,2794
15004,006,40,1410
15005,007,40,1682
15006,007,40,2286
15007,007,41,1891
15008,006,41,986
15009,006,41,3604
15010,006,41,1820
15011,007,41,1765
15012,007,40,395
15013,007,40,1084
15014,007,40,1975
15015,007,40,1079
15016,007,40,1112
15017,007,40,2267
15018,007,40,3670
15019,007,40,113
15020,007,40,3316
15021,007,40,1512
15022,006,40,1954
15023,006,40,2301
15024,006,40,2672
15025,006,40,1168
16001,009,40,1004
16002,009,40,1839
16003,009,40,1273
16004,009,40,887
16005,009,40,2502
16006,009,40,2195
16007,009,40,1833
16008,009,40,1222
16009,009,40,2029
16010,009,40,1172
16011,009,40,873
16012,009,40,2109
16013,008,41,2142
16014,008,41,3786
17001,011,40,279
17002,011,40,4348
18001,009,40,1457
18002,009,40,2678
19001,009,40,1708
19002,009,40,2932
19003,009,40,322
20001,009,40,2117
20002,009,40,874
20003,009,40,2440
20004,009,40,279
20005,009,40,1295
20006,008,41,4079
20007,008,41,2747
20008,008,41,889
20009,010,40,879
20010,009,40,794
20011,009,40,2013
21001,011,46,1736
21002,010,40,2304
21003,010,40,2808
21004,010,46,514
22001,011,46,2256
22002,011,46,2508
23001,011,46,2477
23002,011,46,1828
23003,011,46,3309
24001,011,46,1239
24002,011,46,1483
24003,011,46,3011
24004,011,46,4067
24005,011,46,5779
25001,008,41,3573
25002,008,41,2487
25003,010,40,1238
25004,010,40,3339
25005,010,46,2528
25006,010,46,1227
25007,010,46,654
25008,010,46,2914
25009,010,46,1601
25010,010,46,1722
25011,010,46,893
25012,010,46,1790
25013,010,46,1086
25014,010,46,1476
25015,010,46,1525
25016,010,46,2162
25017,010,41,2432
26001,001,46,468
26002,001,46,2270
26003,001,46,1786
26004,001,46,1342
26005,001,46,662
26006,001,46,1315
26007,001,46,1979
26008,001,46,2531
26009,001,46,4622
26010,001,46,3010
26011,002,46,1491
26012,013,46,669
26013,013,45,1189
26014,002,45,1142
26015,002,45,1929
26016,002,45,1541
26017,013,45,768
26018,013,45,1339
26019,013,45,1817
26020,013,45,949
26021,013,45,1144
26022,002,45,976
26023,002,45,1433
26024,002,45,2693
26025,002,45,2260
26026,002,45,2293
26027,002,45,1755
26028,002,45,1476
26029,002,45,5184
26030,002,45,1239
26031,002,45,1075
26032,013,45,2213
26033,013,45,1944
27001,003,45,2869
27002,003,45,840
27003,003,45,949
27004,003,45,763
27005,003,45,3172
27006,002,45,3968
27007,002,45,1670
27008,002,45,3235
27009,003,45,2000
27010,002,45,1005
27011,003,45,3262
27012,003,45,847
27013,003,45,3731
27014,003,45,3432
27015,003,45,2623
27016,003,45,972
27017,003,43A,2259
27018,003,45,2336
27019,004,45,1555
27020,004,43A,3201
27021,004,43A,2449
27022,003,43A,3631
27023,003,43A,739
27024,003,43A,883
27025,003,43A,1701
27026,003,43A,1229
27027,004,43A,2214
27028,004,43A,1666
27029,004,43A,1191
27030,004,43A,1880
27031,004,43A,2810
27032,004,43A,3268
27033,004,43A,3069
27034,004,43A,2486
27035,004,43A,3890
27036,004,43A,1331
27037,004,43A,2765
27038,004,43A,616
27039,004,43A,667
27040,004,41,3297
27041,004,43A,1719
27042,005,41,2547
27043,006,41,1357
27044,006,41,1719
27045,006,41,2687
27046,014,41,1136
27047,007,41,1843
27048,006,41,1533
27049,005,41,4673
27050,005,41,1711
27051,005,41,602
27052,006,41,3578
27053,006,40,2253
27054,006,40,1292
27055,006,41,548
27056,006,41,1404
27057,005,41,2887
27058,006,41,922
27059,005,41,1196
27060,005,41,2089
27061,005,41,1041
27062,005,41,2956
27063,005,41,2874
27064,005,41,2575
27065,005,41,4869
27066,005,41,3539
27067,005,41,3006
27069,014,41,197
28001,005,41,1773
28002,005,41,3039
28003,006,41,634
28004,005,41,969
28005,005,41,2200
28006,008,41,3356
28007,008,41,1604
28008,008,41,2019
28009,008,41,2813
28010,008,41,2623
28011,008,41,2675
28012,008,41,1932
28013,008,41,2185
28014,008,41,697
28015,008,41,2638
